https://d17qgzvii7d4wm.cloudfront.net/s3/img.rv/35631/i/4073729/o/1_35631_4073729_295178528.jpg	public/images/products/trl-2024-pj-trailers-used-32-gn-low-pro-flatbed-25k-used-flatbed-4073729/1.jpg
https://d17qgzvii7d4wm.cloudfront.net/s3/img.rv/35631/i/4073729/o/1_35631_4073729_295178529.jpg	public/images/products/trl-2024-pj-trailers-used-32-gn-low-pro-flatbed-25k-used-flatbed-4073729/2.jpg
https://d17qgzvii7d4wm.cloudfront.net/s3/img.rv/35631/i/4073729/o/1_35631_4073729_295178530.jpg	public/images/products/trl-2024-pj-trailers-used-32-gn-low-pro-flatbed-25k-used-flatbed-4073729/3.jpg
https://d17qgzvii7d4wm.cloudfront.net/s3/img.rv/35631/i/4073729/o/1_35631_4073729_295178531.jpg	public/images/products/trl-2024-pj-trailers-used-32-gn-low-pro-flatbed-25k-used-flatbed-4073729/4.jpg
https://d17qgzvii7d4wm.cloudfront.net/s3/img.rv/35631/i/4073729/o/1_35631_4073729_295178532.jpg	public/images/products/trl-2024-pj-trailers-used-32-gn-low-pro-flatbed-25k-used-flatbed-4073729/5.jpg
https://d17qgzvii7d4wm.cloudfront.net/s3/img.rv/35631/i/4073729/o/1_35631_4073729_295178533.jpg	public/images/products/trl-2024-pj-trailers-used-32-gn-low-pro-flatbed-25k-used-flatbed-4073729/6.jpg
https://d17qgzvii7d4wm.cloudfront.net/s3/img.rv/35631/i/4976755/o/1_35631_4976755_304478290.jpeg	public/images/products/trl-2026-dura-haul-deckover-8x30-trailer-16k-new-flatbed-trailer-4976755/1.jpeg
https://d17qgzvii7d4wm.cloudfront.net/s3/img.rv/35631/i/4976755/o/1_35631_4976755_304478291.jpeg	public/images/products/trl-2026-dura-haul-deckover-8x30-trailer-16k-new-flatbed-trailer-4976755/2.jpeg
https://d17qgzvii7d4wm.cloudfront.net/s3/img.rv/35631/i/4976755/o/1_35631_4976755_304478293.jpeg	public/images/products/trl-2026-dura-haul-deckover-8x30-trailer-16k-new-flatbed-trailer-4976755/3.jpeg
https://d17qgzvii7d4wm.cloudfront.net/s3/img.rv/35631/i/4976755/o/1_35631_4976755_304478297.jpeg	public/images/products/trl-2026-dura-haul-deckover-8x30-trailer-16k-new-flatbed-trailer-4976755/4.jpeg
https://d17qgzvii7d4wm.cloudfront.net/s3/img.rv/35631/i/5135983/o/1_35631_5135983_312126009.jpeg	public/images/products/trl-2026-east-texas-trailers-102x20-bp-hd-deck-over-14k-sir-new-5135983/1.jpeg
https://d17qgzvii7d4wm.cloudfront.net/s3/img.rv/35631/i/5135983/o/1_35631_5135983_312126010.jpeg	public/images/products/trl-2026-east-texas-trailers-102x20-bp-hd-deck-over-14k-sir-new-5135983/2.jpeg
https://d17qgzvii7d4wm.cloudfront.net/s3/img.rv/35631/i/5135983/o/1_35631_5135983_312126011.jpeg	public/images/products/trl-2026-east-texas-trailers-102x20-bp-hd-deck-over-14k-sir-new-5135983/3.jpeg
https://d17qgzvii7d4wm.cloudfront.net/s3/img.rv/35631/i/5135985/o/1_35631_5135985_312126012.jpeg	public/images/products/trl-2026-east-texas-trailers-102x20-bp-hd-deck-over-14k-sir-new-5135985/1.jpeg
https://d17qgzvii7d4wm.cloudfront.net/s3/img.rv/35631/i/5135985/o/1_35631_5135985_312126013.jpeg	public/images/products/trl-2026-east-texas-trailers-102x20-bp-hd-deck-over-14k-sir-new-5135985/2.jpeg
https://d17qgzvii7d4wm.cloudfront.net/s3/img.rv/35631/i/5135985/o/1_35631_5135985_312126014.jpeg	public/images/products/trl-2026-east-texas-trailers-102x20-bp-hd-deck-over-14k-sir-new-5135985/3.jpeg
https://d17qgzvii7d4wm.cloudfront.net/s3/img.rv/35631/i/5023065/o/1_35631_5023065_306435822.jpeg	public/images/products/trl-2026-east-texas-trailers-102x30-gn-hd-deck-over-16k-new-flat-5023065/1.jpeg
https://d17qgzvii7d4wm.cloudfront.net/s3/img.rv/35631/i/5023065/o/1_35631_5023065_306435823.jpeg	public/images/products/trl-2026-east-texas-trailers-102x30-gn-hd-deck-over-16k-new-flat-5023065/2.jpeg
https://d17qgzvii7d4wm.cloudfront.net/s3/img.rv/35631/i/5023065/o/1_35631_5023065_306435824.jpeg	public/images/products/trl-2026-east-texas-trailers-102x30-gn-hd-deck-over-16k-new-flat-5023065/3.jpeg
https://d17qgzvii7d4wm.cloudfront.net/s3/img.rv/35631/i/5023065/o/1_35631_5023065_306435825.jpeg	public/images/products/trl-2026-east-texas-trailers-102x30-gn-hd-deck-over-16k-new-flat-5023065/4.jpeg
https://d17qgzvii7d4wm.cloudfront.net/s3/img.rv/35631/i/5023086/o/1_35631_5023086_306435974.jpeg	public/images/products/trl-2026-east-texas-trailers-102x30-gn-hd-deck-over-16k-new-flat-5023086/1.jpeg
https://d17qgzvii7d4wm.cloudfront.net/s3/img.rv/35631/i/5023086/o/1_35631_5023086_306435975.jpeg	public/images/products/trl-2026-east-texas-trailers-102x30-gn-hd-deck-over-16k-new-flat-5023086/2.jpeg
https://d17qgzvii7d4wm.cloudfront.net/s3/img.rv/35631/i/5023086/o/1_35631_5023086_306435976.jpeg	public/images/products/trl-2026-east-texas-trailers-102x30-gn-hd-deck-over-16k-new-flat-5023086/3.jpeg
https://d17qgzvii7d4wm.cloudfront.net/s3/img.rv/35631/i/5023086/o/1_35631_5023086_306435977.jpeg	public/images/products/trl-2026-east-texas-trailers-102x30-gn-hd-deck-over-16k-new-flat-5023086/4.jpeg
https://d17qgzvii7d4wm.cloudfront.net/s3/img.rv/35631/i/4926580/o/1_35631_4926580_301657543.jpg	public/images/products/trl-2026-pj-trailers-25-quest-gooseneck-wsingles-new-flatbed-tra-4926580/1.jpg
https://d17qgzvii7d4wm.cloudfront.net/s3/img.rv/35631/i/4926580/o/1_35631_4926580_301657544.jpg	public/images/products/trl-2026-pj-trailers-25-quest-gooseneck-wsingles-new-flatbed-tra-4926580/2.jpg
https://d17qgzvii7d4wm.cloudfront.net/s3/img.rv/35631/i/4926580/o/1_35631_4926580_301657545.jpg	public/images/products/trl-2026-pj-trailers-25-quest-gooseneck-wsingles-new-flatbed-tra-4926580/3.jpg
https://d17qgzvii7d4wm.cloudfront.net/s3/img.rv/35631/i/4926580/o/1_35631_4926580_301657546.jpg	public/images/products/trl-2026-pj-trailers-25-quest-gooseneck-wsingles-new-flatbed-tra-4926580/4.jpg
https://d17qgzvii7d4wm.cloudfront.net/s3/img.rv/35631/i/4926580/o/1_35631_4926580_301657547.jpg	public/images/products/trl-2026-pj-trailers-25-quest-gooseneck-wsingles-new-flatbed-tra-4926580/5.jpg
https://d17qgzvii7d4wm.cloudfront.net/s3/img.rv/35631/i/4939335/o/1_35631_4939335_302417638.jpg	public/images/products/trl-2026-pj-trailers-32-lp-flatdeck-wduals-25k-new-flatbed-trail-4939335/1.jpg
https://d17qgzvii7d4wm.cloudfront.net/s3/img.rv/35631/i/4939335/o/1_35631_4939335_302417639.jpg	public/images/products/trl-2026-pj-trailers-32-lp-flatdeck-wduals-25k-new-flatbed-trail-4939335/2.jpg
https://d17qgzvii7d4wm.cloudfront.net/s3/img.rv/35631/i/4939335/o/1_35631_4939335_302417640.jpg	public/images/products/trl-2026-pj-trailers-32-lp-flatdeck-wduals-25k-new-flatbed-trail-4939335/3.jpg
https://d17qgzvii7d4wm.cloudfront.net/s3/img.rv/35631/i/5086056/o/1_35631_5086056_310084170.jpeg	public/images/products/trl-2026-pj-trailers-40-lp-flatdeck-wduals-25k-new-flatbed-trail-5086056/1.jpeg
https://d17qgzvii7d4wm.cloudfront.net/s3/img.rv/35631/i/5086056/o/1_35631_5086056_310084122.jpeg	public/images/products/trl-2026-pj-trailers-40-lp-flatdeck-wduals-25k-new-flatbed-trail-5086056/2.jpeg
https://d17qgzvii7d4wm.cloudfront.net/s3/img.rv/35631/i/5086056/o/1_35631_5086056_310084124.jpeg	public/images/products/trl-2026-pj-trailers-40-lp-flatdeck-wduals-25k-new-flatbed-trail-5086056/3.jpeg
https://d17qgzvii7d4wm.cloudfront.net/s3/img.rv/35631/i/5086056/o/1_35631_5086056_310084125.jpeg	public/images/products/trl-2026-pj-trailers-40-lp-flatdeck-wduals-25k-new-flatbed-trail-5086056/4.jpeg
https://d17qgzvii7d4wm.cloudfront.net/s3/img.rv/35631/i/4718003/o/1_35631_4718003_291000729.jpg	public/images/products/trl-2025-gooseneck-trailers-32x68-steel-stock-wcanvas-top-new-ca-4718003/1.jpg
https://d17qgzvii7d4wm.cloudfront.net/s3/img.rv/35631/i/4718003/o/1_35631_4718003_291000730.jpg	public/images/products/trl-2025-gooseneck-trailers-32x68-steel-stock-wcanvas-top-new-ca-4718003/2.jpg
https://d17qgzvii7d4wm.cloudfront.net/s3/img.rv/35631/i/4718003/o/1_35631_4718003_291000731.jpg	public/images/products/trl-2025-gooseneck-trailers-32x68-steel-stock-wcanvas-top-new-ca-4718003/3.jpg
https://d17qgzvii7d4wm.cloudfront.net/s3/img.rv/35631/i/4718003/o/1_35631_4718003_291000732.jpg	public/images/products/trl-2025-gooseneck-trailers-32x68-steel-stock-wcanvas-top-new-ca-4718003/4.jpg
https://d17qgzvii7d4wm.cloudfront.net/s3/img.rv/35631/i/4825923/o/1_35631_4825923_305195081.jpg	public/images/products/trl-2025-gooseneck-trailers-gn-24x68-steel-stock-wcanvas-top-new-4825923/1.jpg
https://d17qgzvii7d4wm.cloudfront.net/s3/img.rv/35631/i/4825923/o/1_35631_4825923_305195084.jpg	public/images/products/trl-2025-gooseneck-trailers-gn-24x68-steel-stock-wcanvas-top-new-4825923/2.jpg
https://d17qgzvii7d4wm.cloudfront.net/s3/img.rv/35631/i/4825931/o/1_35631_4825931_296968166.jpg	public/images/products/trl-2025-gooseneck-trailers-gn-24x68-steel-stock-wcanvas-top-new-4825931/1.jpg
https://d17qgzvii7d4wm.cloudfront.net/s3/img.rv/35631/i/4825931/o/1_35631_4825931_296968167.jpg	public/images/products/trl-2025-gooseneck-trailers-gn-24x68-steel-stock-wcanvas-top-new-4825931/2.jpg
https://d17qgzvii7d4wm.cloudfront.net/s3/img.rv/35631/i/4825931/o/1_35631_4825931_296968168.jpg	public/images/products/trl-2025-gooseneck-trailers-gn-24x68-steel-stock-wcanvas-top-new-4825931/3.jpg
https://d17qgzvii7d4wm.cloudfront.net/s3/img.rv/35631/i/4825931/o/1_35631_4825931_296968169.jpg	public/images/products/trl-2025-gooseneck-trailers-gn-24x68-steel-stock-wcanvas-top-new-4825931/4.jpg
https://d17qgzvii7d4wm.cloudfront.net/s3/img.rv/35631/i/4825931/o/1_35631_4825931_296968170.jpg	public/images/products/trl-2025-gooseneck-trailers-gn-24x68-steel-stock-wcanvas-top-new-4825931/5.jpg
https://d17qgzvii7d4wm.cloudfront.net/s3/img.rv/35631/i/4998193/o/1_35631_4998193_305304999.jpg	public/images/products/trl-2026-gooseneck-trailers-32x68-steel-stock-wcanvas-top-new-ca-4998193/1.jpg
https://d17qgzvii7d4wm.cloudfront.net/s3/img.rv/35631/i/4998193/o/1_35631_4998193_305305000.jpg	public/images/products/trl-2026-gooseneck-trailers-32x68-steel-stock-wcanvas-top-new-ca-4998193/2.jpg
https://d17qgzvii7d4wm.cloudfront.net/s3/img.rv/35631/i/4998193/o/1_35631_4998193_305305002.jpg	public/images/products/trl-2026-gooseneck-trailers-32x68-steel-stock-wcanvas-top-new-ca-4998193/3.jpg
https://d17qgzvii7d4wm.cloudfront.net/s3/img.rv/35631/i/5174927/o/1_35631_5174927_315693826.jpg	public/images/products/trl-2026-gooseneck-trailers-gn-24x68-steel-stock-wcanvas-top-new-5174927/1.jpg
https://d17qgzvii7d4wm.cloudfront.net/s3/img.rv/35631/i/5174927/o/1_35631_5174927_315693827.jpg	public/images/products/trl-2026-gooseneck-trailers-gn-24x68-steel-stock-wcanvas-top-new-5174927/2.jpg
https://d17qgzvii7d4wm.cloudfront.net/s3/img.rv/35631/i/5174927/o/1_35631_5174927_315693828.jpg	public/images/products/trl-2026-gooseneck-trailers-gn-24x68-steel-stock-wcanvas-top-new-5174927/3.jpg
https://d17qgzvii7d4wm.cloudfront.net/s3/img.rv/35631/i/4788272/o/1_35631_4788272_294988875.jpg	public/images/products/trl-2026-w-w-trailer-16x6-10k-all-around-stock-new-cattle-livest-4788272/1.jpg
https://d17qgzvii7d4wm.cloudfront.net/s3/img.rv/35631/i/4788272/o/1_35631_4788272_294988876.jpg	public/images/products/trl-2026-w-w-trailer-16x6-10k-all-around-stock-new-cattle-livest-4788272/2.jpg
https://d17qgzvii7d4wm.cloudfront.net/s3/img.rv/35631/i/4788272/o/1_35631_4788272_294988877.jpg	public/images/products/trl-2026-w-w-trailer-16x6-10k-all-around-stock-new-cattle-livest-4788272/3.jpg
https://d17qgzvii7d4wm.cloudfront.net/s3/img.rv/35631/i/4788272/o/1_35631_4788272_294988878.jpg	public/images/products/trl-2026-w-w-trailer-16x6-10k-all-around-stock-new-cattle-livest-4788272/4.jpg
https://d17qgzvii7d4wm.cloudfront.net/s3/img.rv/35631/i/4789695/o/1_35631_4789695_294988986.jpg	public/images/products/trl-2026-w-w-trailer-16x6-10k-all-around-stock-new-cattle-livest-4789695/1.jpg
https://d17qgzvii7d4wm.cloudfront.net/s3/img.rv/35631/i/4789695/o/1_35631_4789695_294988987.jpg	public/images/products/trl-2026-w-w-trailer-16x6-10k-all-around-stock-new-cattle-livest-4789695/2.jpg
https://d17qgzvii7d4wm.cloudfront.net/s3/img.rv/35631/i/4789695/o/1_35631_4789695_294988988.jpg	public/images/products/trl-2026-w-w-trailer-16x6-10k-all-around-stock-new-cattle-livest-4789695/3.jpg
https://d17qgzvii7d4wm.cloudfront.net/s3/img.rv/35631/i/4789695/o/1_35631_4789695_294988989.jpg	public/images/products/trl-2026-w-w-trailer-16x6-10k-all-around-stock-new-cattle-livest-4789695/4.jpg
https://d17qgzvii7d4wm.cloudfront.net/s3/img.rv/35631/i/4825863/o/1_35631_4825863_298566723.jpg	public/images/products/trl-2025-friesen-83x16-utility-7k-sir-new-utility-trailer-decatu-4825863/1.jpg
https://d17qgzvii7d4wm.cloudfront.net/s3/img.rv/35631/i/4825863/o/1_35631_4825863_298566724.jpg	public/images/products/trl-2025-friesen-83x16-utility-7k-sir-new-utility-trailer-decatu-4825863/2.jpg
https://d17qgzvii7d4wm.cloudfront.net/s3/img.rv/35631/i/5125750/o/1_35631_5125750_310533145.jpg	public/images/products/trl-2026-east-texas-trailers-77x14-utility-wgate-7k-new-utility-5125750/1.jpg
https://d17qgzvii7d4wm.cloudfront.net/s3/img.rv/35631/i/5125750/o/1_35631_5125750_310533146.jpg	public/images/products/trl-2026-east-texas-trailers-77x14-utility-wgate-7k-new-utility-5125750/2.jpg
https://d17qgzvii7d4wm.cloudfront.net/s3/img.rv/35631/i/5125751/o/1_35631_5125751_310533147.jpg	public/images/products/trl-2026-east-texas-trailers-77x14-utility-wgate-7k-new-utility-5125751/1.jpg
https://d17qgzvii7d4wm.cloudfront.net/s3/img.rv/35631/i/5125751/o/1_35631_5125751_310533148.jpg	public/images/products/trl-2026-east-texas-trailers-77x14-utility-wgate-7k-new-utility-5125751/2.jpg
https://d17qgzvii7d4wm.cloudfront.net/s3/img.rv/35631/i/5125752/o/1_35631_5125752_310533149.jpg	public/images/products/trl-2026-east-texas-trailers-77x14-utility-wgate-7k-new-utility-5125752/1.jpg
https://d17qgzvii7d4wm.cloudfront.net/s3/img.rv/35631/i/5125752/o/1_35631_5125752_310533150.jpg	public/images/products/trl-2026-east-texas-trailers-77x14-utility-wgate-7k-new-utility-5125752/2.jpg
https://d17qgzvii7d4wm.cloudfront.net/s3/img.rv/35631/i/3820425/o/1_35631_3820425_303041945.jpeg	public/images/products/trl-2026-east-texas-trailers-83x16-utility-7k-new-utility-traile-3820425/1.jpeg
https://d17qgzvii7d4wm.cloudfront.net/s3/img.rv/35631/i/3820425/o/1_35631_3820425_245936498.jpg	public/images/products/trl-2026-east-texas-trailers-83x16-utility-7k-new-utility-traile-3820425/2.jpg
https://d17qgzvii7d4wm.cloudfront.net/s3/img.rv/35631/i/4957745/o/1_35631_4957745_303183500.jpeg	public/images/products/trl-2026-east-texas-trailers-83x16-utility-7k-new-utility-traile-4957745/1.jpeg
https://d17qgzvii7d4wm.cloudfront.net/s3/img.rv/35631/i/4957745/o/1_35631_4957745_303183501.jpg	public/images/products/trl-2026-east-texas-trailers-83x16-utility-7k-new-utility-traile-4957745/2.jpg
https://d17qgzvii7d4wm.cloudfront.net/s3/img.rv/35631/i/4957747/o/1_35631_4957747_303183504.jpeg	public/images/products/trl-2026-east-texas-trailers-83x16-utility-7k-new-utility-traile-4957747/1.jpeg
https://d17qgzvii7d4wm.cloudfront.net/s3/img.rv/35631/i/4957747/o/1_35631_4957747_303183505.jpg	public/images/products/trl-2026-east-texas-trailers-83x16-utility-7k-new-utility-traile-4957747/2.jpg
https://d17qgzvii7d4wm.cloudfront.net/s3/img.rv/35631/i/4957748/o/1_35631_4957748_303183506.jpeg	public/images/products/trl-2026-east-texas-trailers-83x16-utility-7k-new-utility-traile-4957748/1.jpeg
https://d17qgzvii7d4wm.cloudfront.net/s3/img.rv/35631/i/4957748/o/1_35631_4957748_303183507.jpg	public/images/products/trl-2026-east-texas-trailers-83x16-utility-7k-new-utility-traile-4957748/2.jpg
https://d17qgzvii7d4wm.cloudfront.net/s3/img.rv/35631/i/4806960/o/1_35631_4806960_296295199.jpg	public/images/products/trl-2026-east-texas-trailers-83x18-ut-7k-sir-new-utility-trailer-4806960/1.jpg
https://d17qgzvii7d4wm.cloudfront.net/s3/img.rv/35631/i/4806960/o/1_35631_4806960_296295200.jpg	public/images/products/trl-2026-east-texas-trailers-83x18-ut-7k-sir-new-utility-trailer-4806960/2.jpg
https://d17qgzvii7d4wm.cloudfront.net/s3/img.rv/35631/i/4806966/o/1_35631_4806966_296295201.jpg	public/images/products/trl-2026-east-texas-trailers-83x20-ut-7k-sir-new-utility-trailer-4806966/1.jpg
https://d17qgzvii7d4wm.cloudfront.net/s3/img.rv/35631/i/4806966/o/1_35631_4806966_296295202.jpg	public/images/products/trl-2026-east-texas-trailers-83x20-ut-7k-sir-new-utility-trailer-4806966/2.jpg
https://d17qgzvii7d4wm.cloudfront.net/s3/img.rv/35631/i/4839211/o/1_35631_4839211_297688700.jpg	public/images/products/trl-2026-east-texas-trailers-83x20-ut-7k-sir-new-utility-trailer-4839211/1.jpg
https://d17qgzvii7d4wm.cloudfront.net/s3/img.rv/35631/i/4839211/o/1_35631_4839211_297688701.jpg	public/images/products/trl-2026-east-texas-trailers-83x20-ut-7k-sir-new-utility-trailer-4839211/2.jpg
https://d17qgzvii7d4wm.cloudfront.net/s3/img.rv/35631/i/4845033/o/1_35631_4845033_297688717.jpg	public/images/products/trl-2026-east-texas-trailers-83x20-ut-7k-sir-new-utility-trailer-4845033/1.jpg
https://d17qgzvii7d4wm.cloudfront.net/s3/img.rv/35631/i/4845033/o/1_35631_4845033_297688718.jpg	public/images/products/trl-2026-east-texas-trailers-83x20-ut-7k-sir-new-utility-trailer-4845033/2.jpg
https://d17qgzvii7d4wm.cloudfront.net/s3/img.rv/35631/i/5172883/o/1_35631_5172883_315500420.jpeg	public/images/products/trl-2027-east-texas-trailers-83x16-14k-new-utility-trailer-decat-5172883/1.jpeg
https://d17qgzvii7d4wm.cloudfront.net/s3/img.rv/35631/i/5172883/o/1_35631_5172883_315500421.jpeg	public/images/products/trl-2027-east-texas-trailers-83x16-14k-new-utility-trailer-decat-5172883/2.jpeg
https://d17qgzvii7d4wm.cloudfront.net/s3/img.rv/35631/i/5172883/o/1_35631_5172883_315500422.jpeg	public/images/products/trl-2027-east-texas-trailers-83x16-14k-new-utility-trailer-decat-5172883/3.jpeg